{
    "plugins": [
        "mobi.monaca.plugins.Monaca"
    ],
    "framework_version": "3.5",
    "xcode_version": "6",
    "cordova_version": "5.2",
    "plugin_settings": [],
    "external_plugins": [
        "cordova-plugin-whitelist@1.0.0",
        "cordova-plugin-splashscreen@2.1.0"
    ],
    "title-ja": "Harabekosan_Application_Input",
    "title-en": "",
    "description-ja": "チームはらべこさんのアプリの入力部分",
    "description-en": "",
    "category": "User Template",
    "platform": [
        "android",
        "ios"
    ],
    "name": "generated-1460863930-5712d2bf7e21930a5473c822"
}